gene,pval
Amillepora00001-RA,-2.89846198954879
Amillepora00015-RA,1.98109480689046
Amillepora00022-RA,-0.779875167240782
Amillepora00027-RA,-0.61845459286249
Amillepora00093-RA,2.26980725740243
Amillepora00122-RA,1.30316787711106
Amillepora00128-RA,0.843243525863236
Amillepora00129-RA,3.61781322943692
Amillepora00137-RA,1.08189289288733
Amillepora00150-RA,0.393660798774191
Amillepora00154-RA,2.13877328108172
Amillepora00163-RA,3.24269085001422
Amillepora00180-RA,-0.189207611266137
Amillepora00184-RA,-0.0679463751247762
Amillepora00192-RA,0.0970487718058066
Amillepora00224-RA,0.754236125838215
Amillepora00263-RA,8.92184758181235
Amillepora00272-RA,5.19623337790936
Amillepora00510-RA,1.07330056674704
Amillepora00610-RA,0.30369394150315
Amillepora00611-RA,-0.0701818379173047
Amillepora00650-RA,4.31622143290824
Amillepora00665-RA,-3.27564081555539
Amillepora00666-RA,2.13597892000271
Amillepora00711-RA,-1.30887703202398
Amillepora00740-RA,0.00643992013272305
Amillepora00755-RA,2.70660424048961
Amillepora00758-RA,-1.81839268617722
Amillepora00759-RA,2.39207417817363
Amillepora00765-RA,-2.22972856696161
Amillepora00784-RA,-2.95306038416543
Amillepora00929-RA,1.78529665265665
Amillepora00930-RA,5.27726355857849
Amillepora00948-RA,0.731230331526924
Amillepora00956-RA,0.48937469900628
Amillepora00958-RA,-0.0810254486949736
Amillepora00965-RA,1.25630420444015
Amillepora00974-RA,1.8446927733284
Amillepora00981-RA,2.0814146811516
Amillepora01000-RA,1.33196483821019
Amillepora01009-RA,2.03594506672641
Amillepora01012-RA,1.97005640296413
Amillepora01014-RA,-1.8488959066258
Amillepora01049-RA,1.5658591699731
Amillepora01054-RA,1.91609695531393
Amillepora01059-RA,2.56392610530764
Amillepora01062-RA,0.809144519335306
Amillepora01063-RA,0.212467334694723
Amillepora01082-RA,-2.06167539808752
Amillepora01087-RA,0.0373557078347995
Amillepora01105-RA,-2.97301089852718
Amillepora01122-RA,5.25746497552055
Amillepora01152-RA,2.04698374102197
Amillepora01202-RA,0.96929406278242
Amillepora01212-RA,2.90316586164628
Amillepora01232-RA,-3.03017280086739
Amillepora01235-RA,0.499552736387676
Amillepora01242-RA,-2.38250319208386
Amillepora01268-RA,0.558113006457294
Amillepora01283-RA,2.18852370509572
Amillepora01312-RA,-1.45057463917639
Amillepora01328-RA,8.66993377149148
Amillepora01344-RA,-0.355124233778342
Amillepora01368-RA,0.241067261286104
Amillepora01369-RA,0.0684786400115864
Amillepora01370-RA,0.469742789498255
Amillepora01374-RA,1.9886682102617
Amillepora01378-RA,0.375696771802775
Amillepora01387-RA,-0.761311824250722
Amillepora01403-RA,-0.00106772872878198
Amillepora01418-RA,4.42807014544609
Amillepora01446-RA,-3.91785931216827
Amillepora01447-RA,-3.67658033021558
Amillepora01469-RA,0.593249928819591
Amillepora01474-RA,-0.0033774082871247
Amillepora01594-RA,-1.90578582750471
Amillepora01600-RA,1.8948310382412
Amillepora01602-RA,-4.1456646394225
Amillepora01754-RA,1.30397723882883
Amillepora01755-RA,-0.110164244654405
Amillepora01764-RA,-5.14231294719576
Amillepora01894-RA,1.08327904449731
Amillepora01919-RA,7.65925356428358
Amillepora01969-RA,2.543388431141
Amillepora01990-RA,1.69505628661725
Amillepora01993-RA,7.00017308788838
Amillepora02001-RA,2.62387354017279
Amillepora02021-RA,-0.826537196604705
Amillepora02023-RA,-1.76871058990732
Amillepora02055-RA,10.9540746459173
Amillepora02093-RA,5.10081085406163
Amillepora02102-RA,1.43127755760653
Amillepora02459-RA,-1.33880219057144
Amillepora02480-RA,1.91283228953604
Amillepora02484-RA,4.91678609605179
Amillepora02499-RA,3.01842516696024
Amillepora02534-RA,0.583917526715969
Amillepora02582-RA,0.163194529103683
Amillepora02583-RA,-0.194819019155688
Amillepora02585-RA,-0.400942745941403
Amillepora02588-RA,2.19106008738017
Amillepora02598-RA,0.660208187278316
Amillepora02599-RA,0.00582437132858796
Amillepora02607-RA,-0.292353451049645
Amillepora02610-RA,0.57424141925917
Amillepora02661-RA,-2.18166731997678
Amillepora02667-RA,1.6119372585227
Amillepora02704-RA,-1.34103173803608
Amillepora02771-RA,-5.34165953696125
Amillepora02828-RA,-0.467475259482954
Amillepora02839-RA,2.01047390124612
Amillepora02840-RA,5.98632681322856
Amillepora02841-RA,0.0215686924600262
Amillepora02843-RA,-0.34462745464623
Amillepora02852-RA,-0.843115321468213
Amillepora02878-RA,-2.55070936481828
Amillepora02947-RA,0.209966429241886
Amillepora02957-RA,1.02017467558069
Amillepora02959-RA,-0.647432863715457
Amillepora02962-RA,-2.32781830302882
Amillepora02966-RA,1.63041926589769
Amillepora02969-RA,-2.66842978845923
Amillepora02975-RA,0.908792910553528
Amillepora02976-RA,-1.50485587528227
Amillepora02995-RA,1.12662299745228
Amillepora03005-RA,-0.925111245186229
Amillepora03033-RA,-0.117944277808523
Amillepora03041-RA,0.770673646972435
Amillepora03057-RA,0.307729744854822
Amillepora03077-RA,-0.804392943052521
Amillepora03104-RA,-0.955568537070022
Amillepora03150-RA,0.607988293631919
Amillepora03174-RA,0.348594293259297
Amillepora03176-RA,0.283937037575884
Amillepora03189-RA,2.08232347468931
Amillepora03194-RA,0.871841837590106
Amillepora03198-RA,1.20482675109127
Amillepora03202-RA,1.09253692636086
Amillepora03205-RA,1.5842602530954
Amillepora03211-RA,0.079120897609659
Amillepora03224-RA,4.19287152911244
Amillepora03253-RA,-1.19688445764314
Amillepora03254-RA,2.24354987324811
Amillepora03259-RA,1.61245751677277
Amillepora03269-RA,-1.4649979968019
Amillepora03290-RA,-0.106302635438386
Amillepora03325-RA,0.55909162428362
Amillepora03329-RA,1.67490964312591
Amillepora03366-RA,1.08700140613688
Amillepora03367-RA,3.11924086790753
Amillepora03369-RA,-0.132384108040919
Amillepora03388-RA,-2.01155270137431
Amillepora03464-RA,-0.791365150445023
Amillepora03484-RA,-4.29912739857129
Amillepora03493-RA,6.40730086327457
Amillepora03494-RA,1.31575133925134
Amillepora03517-RA,1.23966566310203
Amillepora03521-RA,0.859397769586627
Amillepora03530-RA,-0.924357207289458
Amillepora03541-RA,0.00343499695623823
Amillepora03553-RA,0.592742411139387
Amillepora03568-RA,1.43872227727349
Amillepora03569-RA,1.63337358634655
Amillepora03599-RA,0.410264272683306
Amillepora03605-RA,4.49809850831295
Amillepora03608-RA,4.49706505163041
Amillepora03621-RA,-0.80626344743529
Amillepora03635-RA,2.2384104715401
Amillepora03642-RA,-0.0667497526310434
Amillepora03646-RA,0.190419250584228
Amillepora03652-RA,-1.32479918535837
Amillepora03653-RA,2.45007275727505
Amillepora03655-RA,-1.05128199060357
Amillepora03666-RA,-1.29616928007365
Amillepora03681-RA,2.17953260343161
Amillepora03700-RA,5.00491865594011
Amillepora03714-RA,0.650844362334067
Amillepora03723-RA,-1.04662866889
Amillepora03729-RA,0.697127898630589
Amillepora03733-RA,1.78882895231556
Amillepora03741-RA,0.0491915291894185
Amillepora03768-RA,0.160674594142559
Amillepora03776-RA,0.150471761940517
Amillepora03816-RA,-1.25968756155709
Amillepora03820-RA,2.49401313113964
Amillepora03878-RA,0.484602311507588
Amillepora03881-RA,0.394014999568006
Amillepora03885-RA,3.62409940865994
Amillepora03886-RA,-0.539564215516468
Amillepora03900-RA,2.25907791271442
Amillepora03937-RA,0.0944790101772292
Amillepora03949-RA,0.274029818476157
Amillepora03996-RA,-1.39956556999703
Amillepora04043-RA,2.84904315255315
Amillepora04063-RA,-3.06233664001431
Amillepora04072-RA,3.87352379732997
Amillepora04106-RA,7.88341217442319
Amillepora04152-RA,-1.42585961037715
Amillepora04187-RA,0.381519796643553
Amillepora04191-RA,-3.49811952272688
Amillepora04192-RA,2.29453104531024
Amillepora04292-RA,-0.153972514916216
Amillepora04293-RA,-5.33659842269335
Amillepora04310-RA,-0.352087942199323
Amillepora04311-RA,2.79618497046257
Amillepora04321-RA,2.45795245897688
Amillepora04324-RA,0.642147507325964
Amillepora04338-RA,1.57298227547217
Amillepora04345-RA,3.0443169106711
Amillepora04357-RA,0.998124754625841
Amillepora04364-RA,1.26925577749626
Amillepora04405-RA,-0.674064674847237
Amillepora04407-RA,2.88555887112268
Amillepora04414-RA,2.25446556994171
Amillepora04415-RA,3.02825517352464
Amillepora04424-RA,1.59306440645147
Amillepora04437-RA,4.96558301330812
Amillepora04454-RA,1.73634747521311
Amillepora04457-RA,2.12031949661546
Amillepora04464-RA,2.13306206556752
Amillepora04468-RA,0.458424070253872
Amillepora04485-RA,0.339409379420543
Amillepora04486-RA,0.872021956341203
Amillepora04504-RA,-0.429675929847311
Amillepora04505-RA,-4.26651792280473
Amillepora04550-RA,3.69965869117378
Amillepora04585-RA,2.25309591565928
Amillepora04617-RA,0.296486647466647
Amillepora04644-RA,-5.84271444192203
Amillepora04652-RA,-0.208057439174227
Amillepora04655-RA,0.455543397723149
Amillepora04659-RA,2.59048985583591
Amillepora04676-RA,-0.843945346204652
Amillepora04681-RA,0.119461934724937
Amillepora04690-RA,-1.96837907110976
Amillepora04698-RA,-1.58019488273741
Amillepora04705-RA,0.419525013350276
Amillepora04718-RA,-2.05126534841619
Amillepora04737-RA,4.86549650686135
Amillepora04762-RA,0.775203553172222
Amillepora04778-RA,6.95723828472486
Amillepora04809-RA,-4.6828410927982
Amillepora04869-RA,-0.94393357431963
Amillepora04871-RA,-1.5082626146378
Amillepora04876-RA,-0.812597616667028
Amillepora04880-RA,2.17835269248467
Amillepora04883-RA,-0.0806029531587969
Amillepora04888-RA,-0.26787882257018
Amillepora04897-RA,0.583383777706111
Amillepora04898-RA,2.46719157206639
Amillepora04922-RA,-4.62271384924745
Amillepora04927-RA,3.15963102581949
Amillepora04929-RA,-0.0366587601724588
Amillepora04935-RA,-1.31741403108928
Amillepora04936-RA,-4.7840169480058
Amillepora04939-RA,0.783205433570663
Amillepora04941-RA,-1.00580861134246
Amillepora04960-RA,4.08935364946871
Amillepora04961-RA,-2.88175510629068
Amillepora04975-RA,2.60326183263002
Amillepora05028-RA,-1.36009221556664
Amillepora05073-RA,-4.51547972496044
Amillepora05079-RA,5.31523226740009
Amillepora05107-RA,2.51809891976611
Amillepora05108-RA,4.693218568462
Amillepora05115-RA,2.94134759942807
Amillepora05200-RA,-0.244930590154515
Amillepora05214-RA,1.36125327659516
Amillepora05223-RA,-0.41127563480402
Amillepora05224-RA,1.59345757797593
Amillepora05225-RA,-0.470772952179717
Amillepora05226-RA,0.908643095529974
Amillepora05264-RA,0.124091436870266
Amillepora05279-RA,0.154036990539691
Amillepora05292-RA,1.32319489726088
Amillepora05311-RA,-3.12605324971914
Amillepora05324-RA,1.86460933727123
Amillepora05326-RA,0.151215894825079
Amillepora05343-RA,1.0650329273114
Amillepora05371-RA,-0.135239457777089
Amillepora05382-RA,-0.144215989487348
Amillepora05406-RA,2.31670844999386
Amillepora05425-RA,3.58366770526732
Amillepora05622-RA,1.02275816991768
Amillepora05623-RA,0.0834306295314855
Amillepora05627-RA,0.0896094775220987
Amillepora05628-RA,0.995991780171685
Amillepora05670-RA,0.0336943778842824
Amillepora05689-RA,10.4870378567006
Amillepora05694-RA,0.409574642546114
Amillepora05707-RA,0.374375352051987
Amillepora05723-RA,2.22514423886945
Amillepora05752-RA,0.00498027855762312
Amillepora05760-RA,6.09577201753015
Amillepora05780-RA,1.66139040982309
Amillepora05784-RA,0.653120959594914
Amillepora05793-RA,-0.754689484649381
Amillepora05799-RA,-0.818942572519011
Amillepora05826-RA,-2.82115159842262
Amillepora05863-RA,0.740596508139319
Amillepora05872-RA,1.20991386244593
Amillepora05878-RA,-1.53314860364561
Amillepora05880-RA,-0.232555699183783
Amillepora05904-RA,-4.34111137927911
Amillepora05905-RA,2.65459468344654
Amillepora05916-RA,0.799852390381912
Amillepora05923-RA,5.58306794227284
Amillepora05925-RA,-0.0498919723431386
Amillepora05932-RA,-2.08122090412738
Amillepora05936-RA,-0.189204491678983
Amillepora05942-RA,-0.97342670041493
Amillepora05958-RA,-1.10578539753776
Amillepora06028-RA,-0.96374306238396
Amillepora06029-RA,-0.623819707977262
Amillepora06040-RA,-2.73791242153388
Amillepora06042-RA,3.79175237460435
Amillepora06054-RA,-2.06639170219821
Amillepora06056-RA,2.10588739867591
Amillepora06100-RA,-0.325982588175455
Amillepora06105-RA,4.72692545679272
Amillepora06120-RA,5.25770916972419
Amillepora06129-RA,0.888447618795515
Amillepora06145-RA,1.56740515180069
Amillepora06146-RA,4.60883308374382
Amillepora06161-RA,9.39697262994334
Amillepora06175-RA,-1.37031476889597
Amillepora06221-RA,1.33722489101397
Amillepora06268-RA,0.255523099458427
Amillepora06274-RA,2.76174844520744
Amillepora06318-RA,2.28760883845674
Amillepora06344-RA,0.0318969409027076
Amillepora06348-RA,0.429028730812627
Amillepora06367-RA,-0.486500126949807
Amillepora06369-RA,2.76250449556252
Amillepora06370-RA,-0.136917486054623
Amillepora06385-RA,3.51665959335004
Amillepora06393-RA,0.85187233561773
Amillepora06395-RA,-0.387050363856063
Amillepora06399-RA,-2.257591444082
Amillepora06422-RA,1.41992665889982
Amillepora06423-RA,0.03048560710403
Amillepora06541-RA,5.27851234370348
Amillepora06585-RA,0.450018176253536
Amillepora06624-RA,2.24591105032768
Amillepora06645-RA,-2.96004573667775
Amillepora06666-RA,-0.513211894946866
Amillepora06692-RA,1.93388976054781
Amillepora06696-RA,0.221077069141423
Amillepora06701-RA,5.72882291722004
Amillepora06702-RA,2.25736931953768
Amillepora06704-RA,-3.37645731871072
Amillepora06730-RA,0.281401313677292
Amillepora06746-RA,0.959355537332896
Amillepora06796-RA,1.29306442332942
Amillepora06804-RA,-0.184660336720383
Amillepora06807-RA,0.966429738578316
Amillepora06808-RA,1.95827248399171
Amillepora06816-RA,0.82928375540422
Amillepora06818-RA,0.869710093753614
Amillepora06820-RA,2.47642671449747
Amillepora06843-RA,0.0358070100518623
Amillepora06848-RA,0.170771665376707
Amillepora06865-RA,0.540330984727853
Amillepora06867-RA,-0.700845830992864
Amillepora06906-RA,1.1153200001429
Amillepora06916-RA,-1.08625987038903
Amillepora06955-RA,2.62547805921442
Amillepora06959-RA,-0.496600772850275
Amillepora07010-RA,2.88171719150498
Amillepora07089-RA,-0.0293247046437548
Amillepora07096-RA,1.84888257999717
Amillepora07101-RA,-1.51550249238533
Amillepora07108-RA,0.688553962037885
Amillepora07116-RA,0.0114620371668216
Amillepora07128-RA,4.42026336163544
Amillepora07143-RA,0.145282462992448
Amillepora07210-RA,-0.96428621189974
Amillepora07217-RA,0.643239022990815
Amillepora07258-RA,1.07495371051575
Amillepora07297-RA,-0.772131121794472
Amillepora07303-RA,-4.5398887724266
Amillepora07441-RA,0.662299121189767
Amillepora07442-RA,2.72933838427417
Amillepora07481-RA,1.08251711807625
Amillepora07509-RA,-1.66308177387245
Amillepora07594-RA,-0.223376559545378
Amillepora07597-RA,-1.45691048735479
Amillepora07650-RA,-0.121617003358876
Amillepora07666-RA,0.090560759970344
Amillepora07717-RA,0.275332304916287
Amillepora07718-RA,-1.25201020662104
Amillepora07722-RA,-0.254552199035941
Amillepora07739-RA,0.792994735231115
Amillepora07792-RA,0.0632681391904237
Amillepora07807-RA,-0.32559098203091
Amillepora07903-RA,4.03046226967048
Amillepora07998-RA,0.263967922777469
Amillepora08001-RA,-0.669962252173467
Amillepora08015-RA,-0.425885353199715
Amillepora08022-RA,3.17521363885074
Amillepora08034-RA,0.528913831121821
Amillepora08045-RA,0.354270471912755
Amillepora08046-RA,-0.36841760452839
Amillepora08056-RA,-1.21139774644336
Amillepora08057-RA,1.97422750660222
Amillepora08079-RA,-0.0570953912739505
Amillepora08096-RA,4.88689296091867
Amillepora08100-RA,3.10060889287958
Amillepora08127-RA,-3.5047596120015
Amillepora08230-RA,3.06342866692169
Amillepora08240-RA,0.165361950573651
Amillepora08254-RA,-1.34300678526573
Amillepora08257-RA,3.31934219090587
Amillepora08260-RA,0.832946859715257
Amillepora08287-RA,0.529965200669845
Amillepora08295-RA,-0.219516865776061
Amillepora08296-RA,-0.282139546382864
Amillepora08299-RA,-0.860141633455306
Amillepora08342-RA,-0.820121144779368
Amillepora08346-RA,-3.97473404096297
Amillepora08349-RA,0.792338170111268
Amillepora08364-RA,0.60914428626657
Amillepora08375-RA,-0.371621382215546
Amillepora08386-RA,1.04663065900072
Amillepora08411-RA,1.06404049499642
Amillepora08416-RA,7.69627165906972
Amillepora08450-RA,-0.515225585996483
Amillepora08453-RA,-0.0796408675630583
Amillepora08466-RA,1.67027730787241
Amillepora08476-RA,-0.428376871334432
Amillepora08479-RA,0.155328140301312
Amillepora08505-RA,-1.53911319575916
Amillepora08506-RA,-3.17766093012478
Amillepora08507-RA,1.08989269018545
Amillepora08522-RA,0.848771023310579
Amillepora08528-RA,3.25163006722388
Amillepora08534-RA,1.08659120755236
Amillepora08540-RA,0.748383236686668
Amillepora08542-RA,2.88085286827157
Amillepora08554-RA,3.09200840699688
Amillepora08555-RA,2.55516165245151
Amillepora08556-RA,2.04762998125717
Amillepora08557-RA,-0.198172306002136
Amillepora08567-RA,-0.287281319477525
Amillepora08582-RA,-0.853873769405553
Amillepora08584-RA,-0.562953679079814
Amillepora08599-RA,1.3068884883826
Amillepora08607-RA,2.96871600765849
Amillepora08618-RA,-0.140523294046361
Amillepora08634-RA,0.302249462960576
Amillepora08644-RA,-1.30404462532911
Amillepora08650-RA,0.879743158022568
Amillepora08652-RA,0.275655139651355
Amillepora08654-RA,-2.0281259690457
Amillepora08675-RA,2.86994909686814
Amillepora08750-RA,-0.0892779793625271
Amillepora08770-RA,-0.264856268918575
Amillepora08785-RA,2.51551655407419
Amillepora08789-RA,0.099981703790976
Amillepora08791-RA,-0.254099410837415
Amillepora08792-RA,-0.140345458524545
Amillepora08793-RA,2.70406513944796
Amillepora08794-RA,1.61641375579615
Amillepora08798-RA,-0.390488360055437
Amillepora08800-RA,-0.57276861702971
Amillepora08802-RA,-0.821164898390403
Amillepora08804-RA,-0.228086751657048
Amillepora08808-RA,-1.22906081185488
Amillepora08831-RA,0.0467763806016495
Amillepora08846-RA,1.34099937516769
Amillepora08857-RA,-0.737505378991279
Amillepora08885-RA,2.89599641994329
Amillepora08904-RA,1.57111970987406
Amillepora08928-RA,0.325300863614512
Amillepora09010-RA,-1.14978261300301
Amillepora09028-RA,0.518338000047242
Amillepora09030-RA,0.514659124721975
Amillepora09049-RA,0.443106341738472
Amillepora09057-RA,-4.15449863465011
Amillepora09075-RA,-0.808140101591858
Amillepora09116-RA,1.27359800725934
Amillepora09117-RA,-0.18098050916665
Amillepora09137-RA,-0.700935701971267
Amillepora09143-RA,0.649923967454338
Amillepora09154-RA,1.78119854444671
Amillepora09155-RA,-0.33790317456751
Amillepora09157-RA,4.94035075440731
Amillepora09174-RA,0.318048594949124
Amillepora09189-RA,-0.22572579050594
Amillepora09196-RA,0.854188538999485
Amillepora09208-RA,2.78836287098915
Amillepora09288-RA,-1.67219350103563
Amillepora09314-RA,0.666838318381106
Amillepora09318-RA,2.22356631645915
Amillepora09390-RA,1.07994060354806
Amillepora09417-RA,1.26348366063975
Amillepora09441-RA,-2.55334847592702
Amillepora09499-RA,3.22169013090628
Amillepora09594-RA,-1.88419013700585
Amillepora09601-RA,-0.844578873318876
Amillepora09607-RA,0.93516051935529
Amillepora09610-RA,-2.97842502798922
Amillepora09672-RA,0.971775696979851
Amillepora09679-RA,-1.20177756871712
Amillepora09723-RA,-0.424316957887927
Amillepora09803-RA,-0.548739815311145
Amillepora09817-RA,-1.16145367339951
Amillepora09844-RA,1.14328251688629
Amillepora09857-RA,1.26689775619568
Amillepora09922-RA,0.838582507099696
Amillepora09932-RA,-4.20000688582627
Amillepora09942-RA,3.00925854527389
Amillepora09946-RA,2.14680925277311
Amillepora09984-RA,2.26499802738187
Amillepora10009-RA,-0.007896920261665
Amillepora10010-RA,3.12286706182009
Amillepora10012-RA,-0.403126315479369
Amillepora10022-RA,2.63353347560968
Amillepora10033-RA,-0.620399897107077
Amillepora10039-RA,3.73240647909063
Amillepora10080-RA,-1.43202654614053
Amillepora10087-RA,2.91431264408982
Amillepora10088-RA,-0.159459594847681
Amillepora10093-RA,0.805486294916624
Amillepora10108-RA,-0.0466750212948683
Amillepora10110-RA,3.01693159607838
Amillepora10111-RA,4.01842470084178
Amillepora10112-RA,0.119785887358677
Amillepora10142-RA,-1.27747750107209
Amillepora10175-RA,1.97344682268879
Amillepora10204-RA,-0.213474297615679
Amillepora10263-RA,-2.47618211020298
Amillepora10382-RA,-0.206615711719696
Amillepora10385-RA,1.29113813973612
Amillepora10387-RA,0.00474658683555805
Amillepora10410-RA,-1.02523498280811
Amillepora10498-RA,1.45383422916122
Amillepora10518-RA,2.54663181509272
Amillepora10560-RA,-0.463340604645947
Amillepora10630-RA,0.900212394319568
Amillepora10632-RA,1.03120095709165
Amillepora10641-RA,0.145842920621083
Amillepora10647-RA,-0.170269409452308
Amillepora10649-RA,4.62330412291395
Amillepora10651-RA,0.218306643835337
Amillepora10654-RA,-1.12390520376171
Amillepora10674-RA,-0.521361376383707
Amillepora10695-RA,6.26077008045152
Amillepora10698-RA,-1.90503438707275
Amillepora10715-RA,0.333770032701039
Amillepora10717-RA,-0.257030804088677
Amillepora10718-RA,-0.446728042479269
Amillepora10720-RA,4.50576792707253
Amillepora10744-RA,-4.15782967865054
Amillepora10745-RA,5.07387516483737
Amillepora10767-RA,2.09865989771471
Amillepora10802-RA,4.38635777738082
Amillepora10844-RA,3.31926933317556
Amillepora10917-RA,-0.726549936901608
Amillepora10918-RA,0.444358908956313
Amillepora10920-RA,-0.125944812326504
Amillepora10922-RA,0.95178083039358
Amillepora10936-RA,0.0342496593570361
Amillepora10945-RA,-0.480415436785823
Amillepora10946-RA,-1.60442265759045
Amillepora10971-RA,2.57857190219592
Amillepora10972-RA,0.794233218287664
Amillepora11035-RA,-1.20277273808008
Amillepora11045-RA,-0.830708651827932
Amillepora11046-RA,2.38864073052202
Amillepora11047-RA,3.71992530554387
Amillepora11072-RA,-0.196156282076949
Amillepora11073-RA,4.35410622370496
Amillepora11087-RA,-1.18830006977565
Amillepora11097-RA,-2.92647503427187
Amillepora11099-RA,0.235976295614651
Amillepora11127-RA,-0.997596075565961
Amillepora11188-RA,-0.238531386374947
Amillepora11275-RA,1.01596149965702
Amillepora11278-RA,-2.8797768704445
Amillepora11284-RA,1.03506925431716
Amillepora11352-RA,2.82830490005193
Amillepora11367-RA,0.875080392744784
Amillepora11585-RA,4.2544778348087
Amillepora11601-RA,2.21696548952025
Amillepora11679-RA,1.64269559490384
Amillepora11733-RA,-2.98144305005204
Amillepora11749-RA,3.89236894195285
Amillepora11832-RA,2.9405262964389
Amillepora11835-RA,1.96752252903413
Amillepora11897-RA,-1.43704056498569
Amillepora11945-RA,1.41555571441543
Amillepora11959-RA,-0.277624406512433
Amillepora12009-RA,-0.454165026342534
Amillepora12030-RA,-0.845804166847935
Amillepora12032-RA,-0.608822420149624
Amillepora12065-RA,2.09986069024199
Amillepora12195-RA,0.547329997613007
Amillepora12215-RA,3.27471668090896
Amillepora12217-RA,5.26354582127379
Amillepora12222-RA,4.65461104173278
Amillepora12295-RA,-0.406684413444891
Amillepora12311-RA,0.339454165905347
Amillepora12312-RA,0.676008211023533
Amillepora12321-RA,-2.85808894179339
Amillepora12323-RA,-0.391081038156389
Amillepora12339-RA,2.96330804938863
Amillepora12341-RA,0.786125762809542
Amillepora12342-RA,-0.152829732077017
Amillepora12352-RA,-0.209151254317963
Amillepora12398-RA,-0.721303019422782
Amillepora12424-RA,-0.258796057261782
Amillepora12442-RA,-5.12824089047085
Amillepora12443-RA,2.61594564390339
Amillepora12482-RA,2.08202972219701
Amillepora12483-RA,0.430147399659368
Amillepora12502-RA,5.27181421875376
Amillepora12503-RA,1.33804904465554
Amillepora12506-RA,2.24547966108271
Amillepora12509-RA,-1.24523393244926
Amillepora12550-RA,4.01475781944079
Amillepora12551-RA,2.2644413128718
Amillepora12556-RA,0.413277323044558
Amillepora12595-RA,2.13589811034102
Amillepora12598-RA,2.66526001709545
Amillepora12614-RA,0.812456328779346
Amillepora12666-RA,-2.56899504769206
Amillepora12682-RA,2.06389627580745
Amillepora12692-RA,-0.299419587525474
Amillepora12711-RA,3.83076637772635
Amillepora12712-RA,-1.44286805333775
Amillepora12716-RA,3.65039558119388
Amillepora12729-RA,-1.68726424931727
Amillepora12737-RA,3.57605580539387
Amillepora12739-RA,0.277362420851646
Amillepora12757-RA,0.344676310039006
Amillepora12797-RA,8.80017235544276
Amillepora12802-RA,2.5529294047136
Amillepora12874-RA,1.03102784525992
Amillepora12875-RA,0.499565420476072
Amillepora12877-RA,1.61494753993735
Amillepora12880-RA,5.12100938545653
Amillepora12950-RA,1.96020281031712
Amillepora12974-RA,0.402580811768042
Amillepora12977-RA,-2.16555364685744
Amillepora12978-RA,0.0163174396245252
Amillepora13014-RA,-0.233068622254394
Amillepora13018-RA,-1.95927089764606
Amillepora13033-RA,0.66596751498078
Amillepora13035-RA,0.304078829149292
Amillepora13060-RA,0.364550763833189
Amillepora13082-RA,-0.146161739385789
Amillepora13086-RA,1.5048755685972
Amillepora13087-RA,1.09309445267188
Amillepora13110-RA,0.159290043010697
Amillepora13111-RA,0.56351565515716
Amillepora13122-RA,0.0206176042355706
Amillepora13142-RA,1.98937077324266
Amillepora13149-RA,3.13931211538106
Amillepora13161-RA,3.40823231364954
Amillepora13187-RA,-0.0563567938043813
Amillepora13208-RA,3.6455823524946
Amillepora13227-RA,0.110923232576461
Amillepora13239-RA,2.75385578207663
Amillepora13240-RA,0.0247658871861785
Amillepora13248-RA,0.371579948082055
Amillepora13276-RA,-0.854087781464963
Amillepora13322-RA,-0.0913254354845398
Amillepora13327-RA,2.89152181388983
Amillepora13334-RA,-2.13681335755463
Amillepora13335-RA,2.02218492776726
Amillepora13371-RA,3.98504001797364
Amillepora13446-RA,0.213481084927279
Amillepora13482-RA,0.792109771061915
Amillepora13483-RA,-0.0202027392347021
Amillepora13486-RA,0.916868196267214
Amillepora13490-RA,1.84269292662952
Amillepora13496-RA,5.13135083255214
Amillepora13497-RA,0.0549678737275291
Amillepora13525-RA,2.75551856586738
Amillepora13527-RA,-0.417122064410271
Amillepora13528-RA,1.05467112554392
Amillepora13529-RA,-0.174615607033445
Amillepora13531-RA,0.149585545866146
Amillepora13555-RA,0.0929011076099149
Amillepora13631-RA,1.5307970885412
Amillepora13633-RA,-0.366385517139691
Amillepora13643-RA,0.326661946072062
Amillepora13733-RA,3.54104658989483
Amillepora13836-RA,2.70120980176162
Amillepora13958-RA,0.523995289898904
Amillepora13976-RA,-0.693718142604899
Amillepora14016-RA,0.0913818058777914
Amillepora14024-RA,1.52010523548516
Amillepora14029-RA,2.92964922812859
Amillepora14032-RA,2.39016730241438
Amillepora14058-RA,1.19909091670758
Amillepora14126-RA,2.92807483885423
Amillepora14155-RA,3.33470366637762
Amillepora14161-RA,1.28962947572822
Amillepora14173-RA,-0.72753291710074
Amillepora14297-RA,-0.319024098694777
Amillepora14298-RA,-0.114759969871838
Amillepora14299-RA,2.78299718655865
Amillepora14306-RA,2.8800463143414
Amillepora14384-RA,-0.245585061100462
Amillepora14406-RA,2.11829348964755
Amillepora14413-RA,-2.01729108685129
Amillepora14458-RA,2.09664814995567
Amillepora14460-RA,1.27578930620158
Amillepora14468-RA,0.116573790674402
Amillepora14477-RA,2.26286994606372
Amillepora14479-RA,-0.153944174111305
Amillepora14486-RA,3.42015247224309
Amillepora14488-RA,0.104730363348141
Amillepora14495-RA,-1.64965065959493
Amillepora14512-RA,3.19320889673343
Amillepora14515-RA,-0.729371608007833
Amillepora14537-RA,1.64963725389027
Amillepora14539-RA,-0.120003346986803
Amillepora14540-RA,4.61676165403814
Amillepora14616-RA,-4.35776071418883
Amillepora14630-RA,5.81358182598124
Amillepora14643-RA,-3.88270360680106
Amillepora14659-RA,0.332843044988204
Amillepora14669-RA,0.370424254474674
Amillepora14676-RA,1.04427206157923
Amillepora14700-RA,4.70794097141038
Amillepora14705-RA,3.38248704303271
Amillepora14715-RA,-0.458267202119863
Amillepora14716-RA,-0.892982363072803
Amillepora14735-RA,-0.0685396567375388
Amillepora14738-RA,1.60514041266801
Amillepora14750-RA,-0.263458718588782
Amillepora14756-RA,0.218578136729099
Amillepora14763-RA,2.30319773355295
Amillepora14764-RA,0.770662975235604
Amillepora14785-RA,0.261896786836695
Amillepora14786-RA,-0.677084155462726
Amillepora14790-RA,1.38105288775383
Amillepora14791-RA,3.21283159175633
Amillepora14792-RA,3.58491573199253
Amillepora14801-RA,0.301392061062917
Amillepora14805-RA,5.14228794299363
Amillepora14817-RA,2.89867276070216
Amillepora14820-RA,2.23906322255963
Amillepora14843-RA,-0.572928269346638
Amillepora14844-RA,1.33232609869399
Amillepora14848-RA,1.57299299415154
Amillepora14857-RA,1.33888854788595
Amillepora14869-RA,-1.99296751693853
Amillepora14876-RA,-0.673705527710087
Amillepora14877-RA,-1.02541198002633
Amillepora15025-RA,-1.4530055481033
Amillepora15029-RA,1.16546025154018
Amillepora15057-RA,5.79110667768918
Amillepora15065-RA,2.74037802375814
Amillepora15132-RA,-0.203601815543972
Amillepora15144-RA,1.63429920339591
Amillepora15179-RA,3.7517642280898
Amillepora15198-RA,-3.27252677497059
Amillepora15207-RA,1.00891476076237
Amillepora15217-RA,-0.988332929636768
Amillepora15289-RA,-3.39593338001162
Amillepora15295-RA,0.626778835795129
Amillepora15296-RA,2.93742206119662
Amillepora15298-RA,0.25479634874109
Amillepora15301-RA,-1.86663447165762
Amillepora15312-RA,-3.03888689624565
Amillepora15328-RA,6.68480938001351
Amillepora15330-RA,0.378251977179966
Amillepora15373-RA,1.71058945160155
Amillepora15376-RA,-0.824953184942277
Amillepora15409-RA,2.14139659277761
Amillepora15426-RA,0.521565839924436
Amillepora15457-RA,5.852436612339
Amillepora15474-RA,-0.581275372519157
Amillepora15499-RA,1.39180681548242
Amillepora15508-RA,-0.177516931152329
Amillepora15511-RA,5.32769338591656
Amillepora15521-RA,-3.10513323384772
Amillepora15525-RA,2.21971437519362
Amillepora15564-RA,3.00091663246033
Amillepora15565-RA,0.738842740461839
Amillepora15577-RA,-2.13212611048727
Amillepora15763-RA,-0.725719627604184
Amillepora15764-RA,0.147989344058374
Amillepora15781-RA,0.00663431599921339
Amillepora15799-RA,0.956776036289704
Amillepora15803-RA,0.707612686949479
Amillepora15814-RA,-1.20082575303684
Amillepora15827-RA,-2.23133929529352
Amillepora15885-RA,0.322186067394204
Amillepora16040-RA,0.104513439400121
Amillepora16045-RA,-0.426304185319592
Amillepora16062-RA,-0.571594304206113
Amillepora16078-RA,1.4398510141213
Amillepora16079-RA,1.03009224005203
Amillepora16081-RA,-0.0814548193810477
Amillepora16112-RA,1.07763332476537
Amillepora16134-RA,0.439855420399552
Amillepora16163-RA,0.374703255923706
Amillepora16256-RA,3.45683387638852
Amillepora16257-RA,0.223134071387113
Amillepora16298-RA,3.16358786765179
Amillepora16320-RA,2.29813499005051
Amillepora16329-RA,-0.623049392675077
Amillepora16350-RA,0.2134739584802
Amillepora16358-RA,2.5864175468081
Amillepora16397-RA,1.26242586820358
Amillepora16431-RA,0.714657346061496
Amillepora16433-RA,-1.02765079815566
Amillepora16443-RA,6.26860854831854
Amillepora16461-RA,2.14380138399294
Amillepora16475-RA,-0.559978116182025
Amillepora16476-RA,-0.0927695316961615
Amillepora16500-RA,0.984135546260886
Amillepora16514-RA,1.08357693821548
Amillepora16515-RA,4.9697344537853
Amillepora16538-RA,4.46595635114849
Amillepora16546-RA,0.342820532892712
Amillepora16553-RA,1.39185487214718
Amillepora16664-RA,1.33317036970207
Amillepora16670-RA,-1.46950738903792
Amillepora16671-RA,0.467737533002984
Amillepora16716-RA,0.924421344368867
Amillepora16717-RA,1.29187717614133
Amillepora16760-RA,1.38780907917821
Amillepora16771-RA,2.25310360979786
Amillepora16773-RA,-2.28651959856189
Amillepora16774-RA,-0.320200188900545
Amillepora16777-RA,-0.712330541657492
Amillepora16779-RA,0.806944784255811
Amillepora16797-RA,-0.116774528172469
Amillepora16810-RA,-0.545231232148956
Amillepora16811-RA,-0.406852678934998
Amillepora16825-RA,-3.83696553215805
Amillepora16898-RA,5.01073631941599
Amillepora16899-RA,-3.12378071191204
Amillepora16923-RA,-2.25385415652432
Amillepora16928-RA,-0.200105187097932
Amillepora16930-RA,1.15854169642889
Amillepora16931-RA,-0.513462685376754
Amillepora16945-RA,0.463555781144319
Amillepora16952-RA,0.593591334329793
Amillepora16953-RA,0.298565609009035
Amillepora16992-RA,3.96398992709166
Amillepora16999-RA,0.888707196546271
Amillepora17004-RA,1.25953363994643
Amillepora17025-RA,1.99767378200979
Amillepora17031-RA,1.4740945821307
Amillepora17033-RA,0.607255880678716
Amillepora17038-RA,-0.414963742162914
Amillepora17141-RA,-0.714236564916857
Amillepora17269-RA,4.28975263698831
Amillepora17711-RA,6.48340077768113
Amillepora17832-RA,2.18015793358502
Amillepora17890-RA,0.881530121122017
Amillepora17925-RA,-1.37940224095689
Amillepora17933-RA,-0.298057144657031
Amillepora17937-RA,0.903430991506309
Amillepora17943-RA,7.15657476026025
Amillepora17953-RA,0.00974057944336151
Amillepora17954-RA,0.818545576974544
Amillepora17975-RA,0.311677483651638
Amillepora18074-RA,0.784964315466202
Amillepora18088-RA,5.18414622667069
Amillepora18134-RA,2.00863941974063
Amillepora18136-RA,-3.36206132008699
Amillepora18158-RA,-4.24974765967135
Amillepora18184-RA,-1.4768130164185
Amillepora18188-RA,-1.21619067884434
Amillepora18241-RA,3.14818079746209
Amillepora18247-RA,1.76868173103362
Amillepora18259-RA,-0.147979432906169
Amillepora18267-RA,0.0380035776418316
Amillepora18269-RA,-1.13838092564296
Amillepora18348-RA,-0.116594163959318
Amillepora18436-RA,-0.460392863751044
Amillepora18444-RA,-1.39136173022211
Amillepora18447-RA,-0.129268168192964
Amillepora18462-RA,3.67206010787155
Amillepora18508-RA,-1.81904583224037
Amillepora18523-RA,0.974428450110408
Amillepora18524-RA,2.48609152666629
Amillepora18536-RA,-0.389445483650529
Amillepora18539-RA,-0.0708924930578979
Amillepora18678-RA,0.620036974436985
Amillepora18680-RA,1.16136501019115
Amillepora18692-RA,-0.482358111982894
Amillepora18695-RA,1.27477505216404
Amillepora18736-RA,3.69364494833393
Amillepora18748-RA,-0.159651088645926
Amillepora18755-RA,-3.88827295919248
Amillepora18820-RA,-0.618913884028466
Amillepora18825-RA,3.48829164657122
Amillepora18884-RA,-0.741343124476662
Amillepora18959-RA,-1.80311782292142
Amillepora18960-RA,0.952868700436918
Amillepora18971-RA,2.81707228398338
Amillepora19035-RA,-2.1871180808022
Amillepora19040-RA,-2.00017939048814
Amillepora19042-RA,1.31476694586283
Amillepora19084-RA,-1.34315707046172
Amillepora19089-RA,0.608864689694492
Amillepora19099-RA,-0.374181673978134
Amillepora19233-RA,-3.09622104763432
Amillepora19244-RA,0.741023280574504
Amillepora19245-RA,-2.12937216598226
Amillepora19250-RA,0.3343134165325
Amillepora19252-RA,-2.32408588549315
Amillepora19283-RA,-1.21118164200093
Amillepora19313-RA,-0.495374749049492
Amillepora19316-RA,-2.26935690524622
Amillepora19335-RA,0.157560004467636
Amillepora19338-RA,0.517312524568618
Amillepora19345-RA,-0.417633043050582
Amillepora19347-RA,5.43122815988002
Amillepora19360-RA,1.5045452988443
Amillepora19361-RA,1.29422474033344
Amillepora19368-RA,0.399614661766591
Amillepora19382-RA,6.06317805414504
Amillepora19388-RA,-0.846289295043488
Amillepora19453-RA,0.252392256846865
Amillepora19488-RA,2.7990221175862
Amillepora19494-RA,2.83359132080076
Amillepora19496-RA,3.86748367948867
Amillepora19525-RA,-0.302091704829478
Amillepora19527-RA,1.4944720763494
Amillepora19531-RA,5.19748915512464
Amillepora19574-RA,0.789206268070784
Amillepora19622-RA,1.68046069350097
Amillepora19640-RA,3.88167219275945
Amillepora19692-RA,-0.716920078264288
Amillepora19707-RA,0.881335191299752
Amillepora19748-RA,0.784747485198465
Amillepora19759-RA,4.32546602152888
Amillepora19780-RA,2.41487761510288
Amillepora19784-RA,2.15504478319776
Amillepora19786-RA,1.74282149117708
Amillepora19787-RA,0.0467637839933697
Amillepora19801-RA,4.64813659483351
Amillepora19828-RA,0.77841425100205
Amillepora19841-RA,0.963926011054255
Amillepora19853-RA,1.63086605334353
Amillepora19867-RA,1.30398031977685
Amillepora19877-RA,1.12956923633668
Amillepora19881-RA,2.23865570939365
Amillepora19919-RA,2.02598734869501
Amillepora19941-RA,0.736633118316554
Amillepora19945-RA,3.37301114920056
Amillepora19968-RA,2.84044772555134
Amillepora19971-RA,-0.16984075683157
Amillepora19974-RA,2.42990597206134
Amillepora19984-RA,-5.95450109374329
Amillepora19999-RA,-0.997237447860404
Amillepora20002-RA,-2.99634327300739
Amillepora20049-RA,2.88256266632714
Amillepora20066-RA,-0.235400375400247
Amillepora20109-RA,1.56694501847
Amillepora20136-RA,0.568000481321892
Amillepora20140-RA,2.17901272528497
Amillepora20148-RA,1.6760728787176
Amillepora20165-RA,1.10186862214904
Amillepora20181-RA,2.64452435021077
Amillepora20190-RA,0.907600288105398
Amillepora20231-RA,-0.0945018775307012
Amillepora20267-RA,-0.632011298986913
Amillepora20268-RA,5.44263049864748
Amillepora20274-RA,1.42963700556934
Amillepora20276-RA,4.3500443177459
Amillepora20277-RA,-0.865779699997962
Amillepora20284-RA,1.33576739319422
Amillepora20289-RA,2.86173192461825
Amillepora20305-RA,-1.85150034021663
Amillepora20324-RA,4.31616769320905
Amillepora20332-RA,-0.352385508056888
Amillepora20346-RA,-1.90108204897533
Amillepora20360-RA,1.93156920433916
Amillepora20362-RA,2.40797577489941
Amillepora20365-RA,-5.63444515614204
Amillepora20366-RA,0.708899918992045
Amillepora20373-RA,-0.606273631883224
Amillepora20379-RA,-5.58599183898612
Amillepora20384-RA,11.0542359443464
Amillepora20386-RA,-0.407667103464843
Amillepora20392-RA,0.68918544716493
Amillepora20422-RA,10.7962381724026
Amillepora20488-RA,0.917171600990338
Amillepora20489-RA,11.4330369299858
Amillepora20522-RA,0.279289325121003
Amillepora20528-RA,-0.451114803467307
Amillepora20535-RA,-4.11864465683518
Amillepora20537-RA,-0.646721362617128
Amillepora20538-RA,2.30796476471461
Amillepora20540-RA,-0.617873686586943
Amillepora20543-RA,1.41753377127828
Amillepora20546-RA,5.62816198071229
Amillepora20556-RA,0.0432610541171659
Amillepora20572-RA,3.75089603725834
Amillepora20577-RA,4.9911022416674
Amillepora20583-RA,0.520430728859369
Amillepora20601-RA,2.79321131814608
Amillepora20619-RA,0.8206606230369
Amillepora20641-RA,2.54519294703454
Amillepora20673-RA,-0.355489783715222
Amillepora20677-RA,0.394477110535886
Amillepora20678-RA,3.57678871627517
Amillepora20686-RA,4.43817466032369
Amillepora20710-RA,7.01593751931591
Amillepora20779-RA,0.490195252585324
Amillepora20780-RA,-1.62383294499803
Amillepora20804-RA,-1.06705194370003
Amillepora20813-RA,1.53294958637277
Amillepora20816-RA,1.56762802939244
Amillepora20832-RA,0.743950052772583
Amillepora20855-RA,-0.164709951225939
Amillepora20866-RA,-1.03275988859073
Amillepora20899-RA,0.326477096976729
Amillepora20945-RA,0.459516644027419
Amillepora20972-RA,0.894714665992793
Amillepora20995-RA,-0.597418965081241
Amillepora21097-RA,-1.66966997415595
Amillepora21121-RA,-1.3735955538351
Amillepora21219-RA,4.86396374257839
Amillepora21220-RA,1.95894229164183
Amillepora21260-RA,-2.43564361317381
Amillepora21304-RA,1.61092315265949
Amillepora21334-RA,-0.297979337573331
Amillepora21352-RA,4.23851761054092
Amillepora21380-RA,0.359592017711584
Amillepora21381-RA,2.34871512960903
Amillepora21385-RA,-0.428780088826544
Amillepora21396-RA,4.09324888429971
Amillepora21473-RA,4.07591418539783
Amillepora21486-RA,0.562689801625053
Amillepora21544-RA,6.04232077208224
Amillepora21580-RA,-0.047260045258732
Amillepora21603-RA,-0.353380440858378
Amillepora21657-RA,-0.453800455608944
Amillepora21658-RA,-0.331844707559367
Amillepora21836-RA,-0.103627184478528
Amillepora21882-RA,0.22927073471755
Amillepora21884-RA,-0.704760435381867
Amillepora21887-RA,-3.24113009272614
Amillepora21889-RA,-1.91135422299252
Amillepora21901-RA,1.18170881909076
Amillepora21906-RA,0.483801499482036
Amillepora21911-RA,0.860415267449612
Amillepora21912-RA,1.39705677247708
Amillepora21932-RA,-0.46006979013167
Amillepora21938-RA,-0.610226643460347
Amillepora21948-RA,-0.47253115181854
Amillepora21973-RA,3.10250905310781
Amillepora21983-RA,-0.139900670606404
Amillepora21986-RA,2.22509535224439
Amillepora22012-RA,-0.649343208597417
Amillepora22025-RA,-1.07460208957415
Amillepora22027-RA,2.07154329385993
Amillepora22033-RA,-1.10878696114202
Amillepora22034-RA,0.854673972034172
Amillepora22052-RA,0.0538128608144105
Amillepora22064-RA,0.453533260405136
Amillepora22078-RA,1.99239645979014
Amillepora22084-RA,-0.690182799855417
Amillepora22136-RA,3.12405938105963
Amillepora22157-RA,4.33636214678169
Amillepora22162-RA,-0.0994516139958577
Amillepora22164-RA,1.63253870848596
Amillepora22180-RA,-4.78691115683508
Amillepora22183-RA,-7.24819446630038
Amillepora22191-RA,-0.837489962160809
Amillepora22192-RA,6.02589712746664
Amillepora22198-RA,-0.942811588203632
Amillepora22212-RA,-0.830567588779925
Amillepora22216-RA,0.0139423709112033
Amillepora22224-RA,-1.54689216340505
Amillepora22253-RA,1.02044794547567
Amillepora22267-RA,2.10506314631976
Amillepora22300-RA,6.24716751998413
Amillepora22318-RA,1.00520879886337
Amillepora22332-RA,-2.42168111210683
Amillepora22339-RA,-6.22395480557069
Amillepora22358-RA,0.625093288864038
Amillepora22359-RA,0.830068233731205
Amillepora22360-RA,0.577661566676043
Amillepora22378-RA,0.234394672725097
Amillepora22384-RA,2.54570378014329
Amillepora22400-RA,1.57911853037434
Amillepora22405-RA,2.33561862822041
Amillepora22422-RA,0.35206573335906
Amillepora22471-RA,3.26603379965228
Amillepora22476-RA,-0.619477983780456
Amillepora22512-RA,-1.76230969459563
Amillepora22515-RA,0.336678404178481
Amillepora22520-RA,-3.74178737058391
Amillepora22525-RA,-5.04777821270491
Amillepora22543-RA,2.81342478646413
Amillepora22628-RA,-0.972515342037861
Amillepora22633-RA,-0.108959884431932
Amillepora22641-RA,0.107029017439458
Amillepora22643-RA,0.955020507887661
Amillepora22839-RA,2.37649934351065
Amillepora22862-RA,-2.87606607766804
Amillepora22863-RA,0.601051874096401
Amillepora22874-RA,-0.980845020091693
Amillepora23030-RA,-0.383544836935081
Amillepora23075-RA,1.22866158706243
Amillepora23086-RA,4.37963293281882
Amillepora23092-RA,-6.41041153182536
Amillepora23099-RA,3.66342432199612
Amillepora23156-RA,3.75089874172003
Amillepora23160-RA,1.06325382063846
Amillepora23161-RA,-1.0220766345431
Amillepora23165-RA,-0.690043219283766
Amillepora23168-RA,-4.50653817047219
Amillepora23176-RA,0.0042612830657828
Amillepora23186-RA,1.97469604221519
Amillepora23195-RA,0.575996525648932
Amillepora23196-RA,0.0637713804770933
Amillepora23197-RA,2.94698443828475
Amillepora23199-RA,-1.18187930799704
Amillepora23212-RA,1.83198813747569
Amillepora23221-RA,1.2360407018679
Amillepora23234-RA,0.0552648122319967
Amillepora23278-RA,-3.58993145583665
Amillepora23283-RA,6.16536937928896
Amillepora23305-RA,0.0373344467646893
Amillepora23336-RA,-0.270442975536456
Amillepora23339-RA,2.48968896272186
Amillepora23342-RA,4.74151656866128
Amillepora23343-RA,0.554391361155763
Amillepora23351-RA,0.53367733257874
Amillepora23358-RA,0.951972226236368
Amillepora23397-RA,2.32828193420986
Amillepora23400-RA,-0.198185068119671
Amillepora23408-RA,-0.215344037994647
Amillepora23409-RA,1.68418084903612
Amillepora23420-RA,-3.13190228624191
Amillepora23421-RA,2.05417510168992
Amillepora23425-RA,0.343906434926411
Amillepora23429-RA,-1.15043952877968
Amillepora23434-RA,-1.25239557534655
Amillepora23442-RA,0.0942609528357708
Amillepora23448-RA,-0.231657452162836
Amillepora23474-RA,1.78440311082826
Amillepora23548-RA,-1.75781060028009
Amillepora23640-RA,0.312027727985362
Amillepora23674-RA,0.39801992389564
Amillepora23701-RA,0.535297118743866
Amillepora23706-RA,0.178824286999535
Amillepora24046-RA,2.57199855128942
Amillepora24056-RA,-0.139819472066856
Amillepora24057-RA,-0.0635171958572252
Amillepora24095-RA,-0.302802301581207
Amillepora24096-RA,0.333692566386083
Amillepora24242-RA,0.580199261814671
Amillepora24273-RA,-2.88799196408553
Amillepora24292-RA,3.9737879163179
Amillepora24306-RA,-0.815208680596554
Amillepora24324-RA,0.44233300520621
Amillepora24331-RA,1.74645562243991
Amillepora24332-RA,1.69730331409442
Amillepora24348-RA,2.15182098371314
Amillepora24360-RA,-3.33577156124477
Amillepora24364-RA,1.09441919025401
Amillepora24373-RA,0.0966439931779492
Amillepora24374-RA,0.942120137485364
Amillepora24377-RA,-1.04616161766647
Amillepora24380-RA,0.979420901200964
Amillepora24396-RA,-0.42384672127189
Amillepora24409-RA,1.94063026541448
Amillepora24412-RA,3.40424474960649
Amillepora24439-RA,-0.386757224446002
Amillepora24441-RA,1.87346854973367
Amillepora24448-RA,2.47415927275057
Amillepora24449-RA,0.972417843879576
Amillepora24462-RA,1.29839427104694
Amillepora24465-RA,-1.9690963604212
Amillepora24466-RA,2.14670940808366
Amillepora24471-RA,0.515515759875094
Amillepora24472-RA,1.32980986170901
Amillepora24487-RA,-1.68669337130762
Amillepora24506-RA,2.6852153934456
Amillepora24548-RA,0.379496154506753
Amillepora24555-RA,-0.198877793579216
Amillepora24565-RA,-1.61109753520294
Amillepora24566-RA,-0.771520629920692
Amillepora24567-RA,-1.81094425156628
Amillepora24569-RA,5.67863620661989
Amillepora24576-RA,-5.31839027221955
Amillepora24581-RA,1.02315695533956
Amillepora24584-RA,0.316544354352257
Amillepora24585-RA,0.635669598730094
Amillepora24587-RA,0.364401746138176
Amillepora24590-RA,1.2823598397244
Amillepora24591-RA,0.811199144189964
Amillepora24625-RA,4.26582421620848
Amillepora24628-RA,3.2100007955272
Amillepora24629-RA,-1.5609294820315
Amillepora24641-RA,0.038678563673314
Amillepora24650-RA,-1.38009473855436
Amillepora24651-RA,-5.0301784929988
Amillepora24661-RA,0.573226243762811
Amillepora24667-RA,1.96994773450095
Amillepora24682-RA,3.12560125472949
Amillepora24688-RA,1.50717750160948
Amillepora24689-RA,-0.259062637524147
Amillepora24697-RA,1.47810273957012
Amillepora24711-RA,2.47010796503609
Amillepora24721-RA,-0.647028132801513
Amillepora24733-RA,-0.427791244387856
Amillepora24736-RA,3.94875855634772
Amillepora24737-RA,1.04291525269722
Amillepora24755-RA,-2.86143343573732
Amillepora24798-RA,0.249772686302143
Amillepora24811-RA,-1.5663307004848
Amillepora24822-RA,3.53852604669293
Amillepora24823-RA,-0.930152297370967
Amillepora24825-RA,-1.51920575425349
Amillepora24835-RA,0.575725265646433
Amillepora24836-RA,1.32348683787089
Amillepora24848-RA,0.146643737555903
Amillepora24850-RA,3.14049575137746
Amillepora24865-RA,0.758437775371835
Amillepora24886-RA,-0.047439694774485
Amillepora24889-RA,-1.61677576418013
Amillepora24890-RA,-5.74935467775819
Amillepora24928-RA,1.5771229982004
Amillepora24929-RA,0.675472841339568
Amillepora24930-RA,-1.62561483703206
Amillepora24938-RA,0.194575230395528
Amillepora24944-RA,-0.0818171103873796
Amillepora24953-RA,-0.235354739088095
Amillepora24959-RA,-0.365690948326219
Amillepora24967-RA,0.774684853299807
Amillepora24970-RA,0.0508642026600916
Amillepora24981-RA,0.254075715202604
Amillepora24982-RA,2.8940496017216
Amillepora24988-RA,-1.296743334478
Amillepora25000-RA,0.850660933768816
Amillepora25018-RA,1.16793215123828
Amillepora25019-RA,2.10455151282736
Amillepora25026-RA,-1.46683986529264
Amillepora25031-RA,-2.39547871301613
Amillepora25032-RA,2.92264309776065
Amillepora25042-RA,-0.474519485350393
Amillepora25055-RA,0.506938401522896
Amillepora25067-RA,0.892946820257836
Amillepora25069-RA,0.710292927299601
Amillepora25070-RA,0.193012053472118
Amillepora25073-RA,-5.73666271255681
Amillepora25088-RA,2.24402869914792
Amillepora25130-RA,1.16240507313919
Amillepora25131-RA,-1.27505513146309
Amillepora25209-RA,3.76089849097032
Amillepora25211-RA,0.626007119126349
Amillepora25212-RA,0.12272689535569
Amillepora25217-RA,7.01927910841794
Amillepora25225-RA,-2.01472998430766
Amillepora25240-RA,0.551549581866921
Amillepora25256-RA,7.91278643779541
Amillepora25267-RA,1.57550790751807
Amillepora25277-RA,-2.93428801350727
Amillepora25280-RA,1.54778358737205
Amillepora25293-RA,1.4830553387189
Amillepora25305-RA,1.65875880053521
Amillepora25356-RA,0.183658943212457
Amillepora25472-RA,3.67939585396672
Amillepora25488-RA,2.1877055316141
Amillepora25586-RA,2.30363489932325
Amillepora25594-RA,4.64750744512172
Amillepora25596-RA,0.114977533229095
Amillepora25718-RA,2.12539450181886
Amillepora25732-RA,0.164442304857417
Amillepora25747-RA,4.44513885828241
Amillepora25768-RA,3.98452544008146
Amillepora25932-RA,3.49504255242172
Amillepora25936-RA,0.280025301073497
Amillepora25992-RA,4.35238913229148
Amillepora25996-RA,3.74152866363279
Amillepora26005-RA,0.196607949505427
Amillepora26052-RA,1.83915937827776
Amillepora26067-RA,1.47098561258153
Amillepora26070-RA,0.060030139897343
Amillepora26108-RA,-0.966878007389233
Amillepora26120-RA,1.68112450801528
Amillepora26121-RA,0.903231547937191
Amillepora26133-RA,-1.13515769509223
Amillepora26155-RA,3.60043064724134
Amillepora26162-RA,0.19067493853731
Amillepora26166-RA,-0.00660692751902475
Amillepora26175-RA,-2.59692414045251
Amillepora26178-RA,-0.578044129010842
Amillepora26186-RA,5.50816379422568
Amillepora26230-RA,0.885808146366153
Amillepora26236-RA,4.43452894630018
Amillepora26239-RA,1.81901291226066
Amillepora26241-RA,-2.85299472412832
Amillepora26258-RA,-3.25609503703798
Amillepora26259-RA,0.395835087059013
Amillepora26261-RA,1.30485725793438
Amillepora26266-RA,1.86770708482515
Amillepora26297-RA,1.40203128769079
Amillepora26329-RA,1.3081587432355
Amillepora26337-RA,2.53363806462956
Amillepora26352-RA,3.00112698254748
Amillepora26390-RA,2.72167150159937
Amillepora26478-RA,0.869269558004184
Amillepora26519-RA,2.21354321075322
Amillepora26529-RA,1.9490213425973
Amillepora26532-RA,0.32844936150172
Amillepora26546-RA,1.56140009234662
Amillepora26549-RA,1.41518363945958
Amillepora26551-RA,2.89264916602196
Amillepora26552-RA,2.31713486476954
Amillepora26594-RA,0.0994920068249532
Amillepora26596-RA,3.77526778704049
Amillepora26598-RA,3.15939073089753
Amillepora26603-RA,-0.0844736716284358
Amillepora26609-RA,0.167636586725748
Amillepora26622-RA,1.07852657267245
Amillepora26623-RA,1.68895292831185
Amillepora26625-RA,0.203154142418751
Amillepora26807-RA,-0.224765393519792
Amillepora26809-RA,0.486272862369491
Amillepora26826-RA,1.46451232111651
Amillepora26832-RA,2.80964993935821
Amillepora26857-RA,1.4449929167668
Amillepora26893-RA,-2.44159781886664
Amillepora26981-RA,5.81007753088603
Amillepora27027-RA,0.744997882934208
Amillepora27208-RA,0.248642564196489
Amillepora27214-RA,-4.29116802767422
Amillepora27218-RA,2.89744747872584
Amillepora27228-RA,1.09312135743652
Amillepora27258-RA,6.1065019518871
Amillepora27264-RA,2.60376259585123
Amillepora27322-RA,0.648993972881922
Amillepora27325-RA,3.97203168909449
Amillepora27330-RA,-0.148587388586728
Amillepora27331-RA,1.04436756505077
Amillepora27337-RA,3.07762542294096
Amillepora27352-RA,0.475851058960826
Amillepora27372-RA,0.226007206856869
Amillepora27397-RA,1.521561914968
Amillepora27408-RA,1.84961441047719
Amillepora27419-RA,0.148998466922637
Amillepora27438-RA,5.46621832539478
Amillepora27448-RA,-1.39516205517451
Amillepora27460-RA,-0.000942122978423856
Amillepora27477-RA,1.4836150884476
Amillepora27498-RA,-3.4613085863659
Amillepora27500-RA,-0.0713759048768379
Amillepora27507-RA,1.21724117753952
Amillepora27551-RA,0.309651504501263
Amillepora27755-RA,3.11871788961785
Amillepora27758-RA,0.925374539892157
Amillepora27833-RA,-2.99543148332864
Amillepora27836-RA,0.1225267329487
Amillepora27925-RA,-1.46964257365479
Amillepora27935-RA,-0.05652513241575
Amillepora27937-RA,7.58559666344281
Amillepora28417-RA,0.261525614265778
Amillepora28425-RA,5.12932032334582
Amillepora28752-RA,-0.53873918852483
Amillepora28799-RA,-3.03664336167801
Amillepora28811-RA,0.385397669187912
Amillepora29012-RA,2.75195893119582
Amillepora29144-RA,-0.252315036683092
Amillepora29150-RA,1.9614759606652
Amillepora29180-RA,3.82906523536092
Amillepora29181-RA,3.65622770090607
Amillepora29192-RA,0.409615705880632
Amillepora29194-RA,0.272591023960947
Amillepora29211-RA,-4.50124642864006
Amillepora29353-RA,5.57789440742634
Amillepora29425-RA,0.685254164264486
Amillepora29486-RA,-0.414760161668526
Amillepora29534-RA,2.46272701572191
Amillepora29587-RA,0.657799450805797
Amillepora29594-RA,0.870373040282958
Amillepora29634-RA,-1.50573608052017
Amillepora29638-RA,0.844222514875427
Amillepora29691-RA,0.327671129385381
Amillepora29743-RA,1.17160844081588
Amillepora29744-RA,0.162190765227728
Amillepora29844-RA,1.03616815797232
Amillepora29848-RA,0.475068404684024
Amillepora30001-RA,-1.12967671037315
Amillepora30407-RA,0.0407167036293106
Amillepora30414-RA,0.818468287294607
Amillepora30419-RA,1.37889341742801
Amillepora30486-RA,-0.33665171538385
Amillepora30488-RA,6.50302565816373
Amillepora30730-RA,0.533778769058988
Amillepora30743-RA,4.96843541091956
Amillepora30747-RA,-2.50638272326569
Amillepora30751-RA,5.38709651035356
Amillepora30757-RA,0.470171171133001
Amillepora30790-RA,-0.732820260559425
Amillepora30937-RA,-2.16420906595245
Amillepora31040-RA,-0.946735393483395
Amillepora31054-RA,-1.76816021463213
Amillepora31058-RA,0.833911943299023
Amillepora31070-RA,2.62428052086544
Amillepora31191-RA,-0.817561977844792
Amillepora31198-RA,-2.03956179475838
Amillepora31412-RA,4.27295937131454
Amillepora31445-RA,0.635520032561419
Amillepora31470-RA,-0.648957468280816
Amillepora31476-RA,0.137529549495166
Amillepora31481-RA,-0.322040074350183
Amillepora31528-RA,0.224876961621439
Amillepora31661-RA,3.0911199303751
Amillepora31675-RA,2.1609207623553
Amillepora31852-RA,1.65315095207367
Amillepora31902-RA,2.01440366857108
Amillepora31916-RA,-1.06141900524858
Amillepora31920-RA,-1.84436209243507
Amillepora32021-RA,3.51434788932786
Amillepora32092-RA,0.203195035140766
Amillepora32093-RA,-0.534657203347457
Amillepora32106-RA,-0.0759449361559718
Amillepora32107-RA,5.24138277851862
Amillepora32157-RA,1.93699162095528
Amillepora32179-RA,2.18551361786624
Amillepora32197-RA,-0.0621451805605095
Amillepora32200-RA,0.297324139728982
Amillepora32202-RA,0.802268478198994
Amillepora32203-RA,0.129014628161094
Amillepora32265-RA,1.09882460343706
Amillepora32267-RA,4.542070410424
Amillepora32276-RA,7.5383149910497
Amillepora32439-RA,1.27894883327588
Amillepora32633-RA,0.420353452551461
Amillepora32821-RA,-1.45655367929065
Amillepora32888-RA,-3.24519738306185
Amillepora32901-RA,-1.2941131377903
Amillepora32905-RA,5.51811647554239
Amillepora33061-RA,3.34327471059277
Amillepora33079-RA,-0.933985507370846
Amillepora33123-RA,1.71523940966728
Amillepora33510-RA,3.07325368114947
Amillepora33515-RA,0.605642208292486
Amillepora33542-RA,1.16204523856324
Amillepora33550-RA,0.838472496824192
Amillepora33554-RA,1.48182861825851
Amillepora33562-RA,3.30238181492364
Amillepora33563-RA,3.62587570297912
Amillepora33593-RA,2.132005689566
Amillepora33754-RA,6.67475219766975
Amillepora33756-RA,4.57221142311359
Amillepora33760-RA,-0.441514604331354
Amillepora33791-RA,0.27614694961241
Amillepora33792-RA,7.39348630119969
Amillepora33794-RA,3.17319530784695
Amillepora33797-RA,-3.88668405514005
Amillepora33800-RA,-0.125243968265246
Amillepora33880-RA,-0.532069929582659
Amillepora33954-RA,1.79176768326737
Amillepora34044-RA,0.246599009113795
Amillepora34052-RA,0.211227352359061
Amillepora34062-RA,2.59770561130277
Amillepora34082-RA,0.354731270411717
Amillepora34127-RA,-3.11119303881936
Amillepora34298-RA,4.5175227945147
Amillepora34500-RA,-0.759993753973247
Amillepora34514-RA,4.18032931307748
Amillepora34789-RA,10.0259805372498
Amillepora34813-RA,3.63227716412077
Amillepora34894-RA,1.73544663001896
Amillepora35309-RA,-4.57165599586798
Amillepora35404-RA,0.419829153396812
Amillepora35442-RA,0.268603763418777
Amillepora35538-RA,0.603252552373315
Amillepora35750-RA,6.34038758344446
Amillepora35753-RA,1.5313602570089
Amillepora35897-RA,9.96521728473521
Amillepora35990-RA,-0.507745134386339
Amillepora36008-RA,1.0537823386996
Amillepora36103-RA,-1.22908446093732
Amillepora36341-RA,4.16120533595868
Amillepora36398-RA,-3.28543560792493
Amillepora36407-RA,-1.39744335334833
Amillepora36420-RA,-0.410680104241508
Amillepora36566-RA,0.932352229694205
Amillepora36736-RA,0.400704656875466
Amillepora36801-RA,0.664949268528569
Amillepora37183-RA,-0.34816808589485
Amillepora37624-RA,-0.311808865951006
Amillepora37657-RA,-0.14278788647471
